test_acc,test_sensitividade,test_especificidade,test_f1Score
0.6041666666666666,0.875,0.3333333333333333,0.6885245901639344
