test_acc,test_sensitividade,test_especificidade,test_f1Score
0.6041666666666666,0.6666666666666666,0.5416666666666666,0.627450980392157
