test_acc,test_sensitividade,test_especificidade,test_f1Score
0.5208333333333334,0.6666666666666666,0.375,0.5818181818181819
