test_acc,test_sensitividade,test_especificidade,test_f1Score
0.5416666666666666,0.75,0.3333333333333333,0.6206896551724139
