test_acc,test_sensitividade,test_especificidade,test_f1Score
0.6458333333333334,0.9166666666666666,0.375,0.7213114754098361
