test_acc,test_sensitividade,test_especificidade,test_f1Score
0.5416666666666666,0.625,0.4583333333333333,0.576923076923077
