test_acc,test_sensitividade,test_especificidade,test_f1Score
0.5208333333333334,1.0,0.041666666666666664,0.676056338028169
