test_acc,test_sensitividade,test_especificidade,test_f1Score
0.6041666666666666,0.9166666666666666,0.2916666666666667,0.6984126984126983
