test_acc,test_sensitividade,test_especificidade,test_f1Score
0.5208333333333334,0.9166666666666666,0.125,0.6567164179104478
