test_acc,test_sensitividade,test_especificidade,test_f1Score
0.5416666666666666,1.0,0.08333333333333333,0.6857142857142856
