test_acc,test_sensitividade,test_especificidade,test_f1Score
0.6875,0.9583333333333334,0.4166666666666667,0.7540983606557377
