test_acc,test_sensitividade,test_especificidade,test_f1Score
0.5416666666666666,0.8333333333333334,0.25,0.6451612903225806
