test_acc,test_sensitividade,test_especificidade,test_f1Score
0.6666666666666666,0.8333333333333334,0.5,0.7142857142857143
