test_acc,test_sensitividade,test_especificidade,test_f1Score
0.5208333333333334,0.8333333333333334,0.20833333333333334,0.6349206349206349
