test_acc,test_sensitividade,test_especificidade,test_f1Score
0.5833333333333334,0.9583333333333334,0.20833333333333334,0.696969696969697
