test_acc,test_sensitividade,test_especificidade,test_f1Score
0.5,0.5172413793103449,0.4827586206896552,0.5084745762711865
