test_acc,test_sensitividade,test_especificidade,test_f1Score
0.9183673469387755,0.9583333333333334,0.88,0.9199999999999999
