test_acc,test_sensitividade,test_especificidade,test_f1Score
0.9387755102040817,0.9166666666666666,0.96,0.9361702127659574
