test_acc,test_sensitividade,test_especificidade,test_f1Score
0.6326530612244898,0.6,0.6666666666666666,0.6250000000000001
