test_acc,test_sensitividade,test_especificidade,test_f1Score
0.5833333333333334,0.875,0.2916666666666667,0.6774193548387096
