test_acc,test_sensitividade,test_especificidade,test_f1Score
0.5625,0.3333333333333333,0.7916666666666666,0.43243243243243246
