test_acc,test_sensitividade,test_especificidade,test_f1Score
0.6458333333333334,0.7916666666666666,0.5,0.6909090909090909
