test_acc,test_sensitividade,test_especificidade,test_f1Score
0.5416666666666666,0.6666666666666666,0.4166666666666667,0.5925925925925926
