test_acc,test_sensitividade,test_especificidade,test_f1Score
0.5833333333333334,0.7083333333333334,0.4583333333333333,0.6296296296296297
