test_acc,test_sensitividade,test_especificidade,test_f1Score
0.6122448979591837,0.76,0.4583333333333333,0.6666666666666666
