test_acc,test_sensitividade,test_especificidade,test_f1Score
0.4897959183673469,0.56,0.4166666666666667,0.5283018867924528
