test_acc,test_sensitividade,test_especificidade,test_f1Score
0.6530612244897959,0.64,0.6666666666666666,0.6530612244897959
