test_acc,test_sensitividade,test_especificidade,test_f1Score
0.5102040816326531,0.56,0.4583333333333333,0.5384615384615384
