test_acc,test_sensitividade,test_especificidade,test_f1Score
0.6458333333333334,0.6666666666666666,0.625,0.6530612244897959
