test_acc,test_sensitividade,test_especificidade,test_f1Score
0.6041666666666666,0.7916666666666666,0.4166666666666667,0.6666666666666667
