test_acc,test_sensitividade,test_especificidade,test_f1Score
0.5833333333333334,0.6666666666666666,0.5,0.6153846153846153
