test_acc,test_sensitividade,test_especificidade,test_f1Score
0.6041666666666666,0.9583333333333334,0.25,0.7076923076923077
