test_acc,test_sensitividade,test_especificidade,test_f1Score
0.6041666666666666,1.0,0.20833333333333334,0.7164179104477612
