test_acc,test_sensitividade,test_especificidade,test_f1Score
0.4791666666666667,0.8333333333333334,0.125,0.6153846153846153
