test_acc,test_sensitividade,test_especificidade,test_f1Score
0.6458333333333334,0.8333333333333334,0.4583333333333333,0.7017543859649124
