test_acc,test_sensitividade,test_especificidade,test_f1Score
0.46551724137931033,0.3103448275862069,0.6206896551724138,0.3673469387755102
