test_acc,test_sensitividade,test_especificidade,test_f1Score
0.46551724137931033,0.41379310344827586,0.5172413793103449,0.43636363636363634
