test_acc,test_sensitividade,test_especificidade,test_f1Score
0.576271186440678,0.6666666666666666,0.4827586206896552,0.6153846153846153
