test_acc,test_sensitividade,test_especificidade,test_f1Score
0.7166666666666667,0.8333333333333334,0.6,0.746268656716418
