test_acc,test_sensitividade,test_especificidade,test_f1Score
0.7333333333333333,0.8,0.6666666666666666,0.7500000000000001
