test_acc,test_sensitividade,test_especificidade,test_f1Score
0.6166666666666667,0.6,0.6333333333333333,0.6101694915254238
