test_acc,test_sensitividade,test_especificidade,test_f1Score
0.5625,0.7083333333333334,0.4166666666666667,0.6181818181818182
