test_acc,test_sensitividade,test_especificidade,test_f1Score
0.5416666666666666,0.2916666666666667,0.7916666666666666,0.38888888888888895
