test_acc,test_sensitividade,test_especificidade,test_f1Score
0.5,0.7083333333333334,0.2916666666666667,0.5862068965517241
