test_acc,test_sensitividade,test_especificidade,test_f1Score
0.6041666666666666,0.8333333333333334,0.375,0.6779661016949152
