test_acc,test_sensitividade,test_especificidade,test_f1Score
0.5625,0.6666666666666666,0.4583333333333333,0.6037735849056604
