test_acc,test_sensitividade,test_especificidade,test_f1Score
0.6041666666666666,0.75,0.4583333333333333,0.6545454545454547
