test_acc,test_sensitividade,test_especificidade,test_f1Score
0.6041666666666666,0.625,0.5833333333333334,0.6122448979591836
